{"success":true,"data":[{"value":33,"trip_class":0,"show_to_affiliates":true,"origin":"MOW","destination":"LED","gate":"SuperKassa.ru","depart_date":"2022-11-09","return_date":"2022-11-09","number_of_changes":0,"found_at":"2022-10-29T13:40:06","duration":170,"distance":624,"actual":true},{"value":41,"trip_class":0,"show_to_affiliates":true,"origin":"MOW","destination":"LED","gate":"MEGO.travel","depart_date":"2023-03-06","return_date":"2023-03-10","number_of_changes":0,"found_at":"2022-10-29T15:53:48","duration":180,"distance":624,"actual":true},{"value":41,"trip_class":0,"show_to_affiliates":true,"origin":"MOW","destination":"LED","gate":"MEGO.travel","depart_date":"2023-03-06","return_date":"2023-03-12","number_of_changes":0,"found_at":"2022-10-29T09:19:03","duration":180,"distance":624,"actual":true},{"value":41,"trip_class":0,"show_to_affiliates":true,"origin":"MOW","destination":"LED","gate":"MEGO.travel","depart_date":"2023-02-09","return_date":"2023-02-12","number_of_changes":0,"found_at":"2022-10-29T15:46:36","duration":180,"distance":624,"actual":true},{"value":41,"trip_class":0,"show_to_affiliates":true,"origin":"MOW","destination":"LED","gate":"MEGO.travel","depart_date":"2023-03-09","return_date":"2023-03-16","number_of_changes":0,"found_at":"2022-10-29T09:19:55","duration":180,"distance":624,"actual":true},{"value":41,"trip_class":0,"show_to_affiliates":true,"origin":"MOW","destination":"LED","gate":"MEGO.travel","depart_date":"2023-02-10","return_date":"2023-02-12","number_of_changes":0,"found_at":"2022-10-29T15:46:16","duration":180,"distance":624,"actual":true},{"value":41,"trip_class":0,"show_to_affiliates":true,"origin":"MOW","destination":"LED","gate":"MEGO.travel","depart_date":"2023-01-13","return_date":"2023-01-16","number_of_changes":0,"found_at":"2022-10-29T14:55:06","duration":180,"distance":624,"actual":true},{"value":41,"trip_class":0,"show_to_affiliates":true,"origin":"MOW","destination":"LED","gate":"MEGO.travel","depart_date":"2023-01-16","return_date":"2023-01-18","number_of_changes":0,"found_at":"2022-10-29T14:36:00","duration":180,"distance":624,"actual":true},{"value":41,"trip_class":0,"show_to_affiliates":true,"origin":"MOW","destination":"LED","gate":"MEGO.travel","depart_date":"2023-01-16","return_date":"2023-01-20","number_of_changes":0,"found_at":"2022-10-29T11:31:55","duration":180,"distance":624,"actual":true},{"value":41,"trip_class":0,"show_to_affiliates":true,"origin":"MOW","destination":"LED","gate":"MEGO.travel","depart_date":"2023-03-20","return_date":"2023-03-24","number_of_changes":0,"found_at":"2022-10-29T15:53:28","duration":180,"distance":624,"actual":true},{"value":41,"trip_class":0,"show_to_affiliates":true,"origin":"MOW","destination":"LED","gate":"MEGO.travel","depart_date":"2023-03-20","return_date":"2023-03-25","number_of_changes":0,"found_at":"2022-10-29T08:35:58","duration":180,"distance":624,"actual":true},{"value":41,"trip_class":0,"show_to_affiliates":true,"origin":"MOW","destination":"LED","gate":"MEGO.travel","depart_date":"2023-01-24","return_date":"2023-02-03","number_of_changes":0,"found_at":"2022-10-29T16:18:22","duration":180,"distance":624,"actual":true},{"value":41,"trip_class":0,"show_to_affiliates":true,"origin":"MOW","destination":"LED","gate":"MEGO.travel","depart_date":"2023-02-02","return_date":"2023-02-09","number_of_changes":0,"found_at":"2022-10-28T21:39:11","duration":180,"distance":624,"actual":true},{"value":41,"trip_class":0,"show_to_affiliates":true,"origin":"MOW","destination":"LED","gate":"MEGO.travel","depart_date":"2023-03-03","return_date":"2023-03-06","number_of_changes":0,"found_at":"2022-10-28T13:51:51","duration":180,"distance":624,"actual":true},{"value":41,"trip_class":0,"show_to_affiliates":true,"origin":"MOW","destination":"LED","gate":"MEGO.travel","depart_date":"2023-02-06","return_date":"2023-02-13","number_of_changes":0,"found_at":"2022-10-28T21:37:41","duration":180,"distance":624,"actual":true},{"value":41,"trip_class":0,"show_to_affiliates":true,"origin":"MOW","destination":"LED","gate":"MEGO.travel","depart_date":"2023-02-12","return_date":"2023-02-17","number_of_changes":0,"found_at":"2022-10-28T11:52:00","duration":180,"distance":624,"actual":true},{"value":41,"trip_class":0,"show_to_affiliates":true,"origin":"MOW","destination":"LED","gate":"MEGO.travel","depart_date":"2023-01-13","return_date":"2023-01-18","number_of_changes":0,"found_at":"2022-10-28T20:03:57","duration":180,"distance":624,"actual":true},{"value":41,"trip_class":0,"show_to_affiliates":true,"origin":"MOW","destination":"LED","gate":"MEGO.travel","depart_date":"2023-02-13","return_date":"2023-02-17","number_of_changes":0,"found_at":"2022-10-28T14:50:29","duration":180,"distance":624,"actual":true},{"value":41,"trip_class":0,"show_to_affiliates":true,"origin":"MOW","destination":"LED","gate":"MEGO.travel","depart_date":"2023-02-13","return_date":"2023-02-20","number_of_changes":0,"found_at":"2022-10-28T19:47:53","duration":180,"distance":624,"actual":true},{"value":41,"trip_class":0,"show_to_affiliates":true,"origin":"MOW","destination":"LED","gate":"MEGO.travel","depart_date":"2023-02-14","return_date":"2023-02-19","number_of_changes":0,"found_at":"2022-10-28T18:07:11","duration":180,"distance":624,"actual":true},{"value":41,"trip_class":0,"show_to_affiliates":true,"origin":"MOW","destination":"LED","gate":"MEGO.travel","depart_date":"2023-02-17","return_date":"2023-02-20","number_of_changes":0,"found_at":"2022-10-28T13:50:15","duration":175,"distance":624,"actual":true},{"value":41,"trip_class":0,"show_to_affiliates":true,"origin":"MOW","destination":"LED","gate":"MEGO.travel","depart_date":"2023-01-18","return_date":"2023-01-23","number_of_changes":0,"found_at":"2022-10-28T11:31:05","duration":175,"distance":624,"actual":true},{"value":41,"trip_class":0,"show_to_affiliates":true,"origin":"MOW","destination":"LED","gate":"MEGO.travel","depart_date":"2023-01-25","return_date":"2023-01-26","number_of_changes":0,"found_at":"2022-10-28T19:41:34","duration":180,"distance":624,"actual":true},{"value":41,"trip_class":0,"show_to_affiliates":true,"origin":"MOW","destination":"LED","gate":"MEGO.travel","depart_date":"2023-01-12","return_date":"2023-01-17","number_of_changes":0,"found_at":"2022-10-28T09:59:12","duration":180,"distance":624,"actual":true},{"value":41,"trip_class":0,"show_to_affiliates":true,"origin":"MOW","destination":"LED","gate":"SuperKassa.ru","depart_date":"2023-03-14","return_date":"2023-03-19","number_of_changes":0,"found_at":"2022-10-22T19:28:15","duration":180,"distance":624,"actual":true},{"value":41,"trip_class":0,"show_to_affiliates":true,"origin":"MOW","destination":"LED","gate":"SuperKassa.ru","depart_date":"2023-03-15","return_date":"2023-03-21","number_of_changes":0,"found_at":"2022-10-24T07:50:43","duration":180,"distance":624,"actual":true},{"value":41,"trip_class":0,"show_to_affiliates":true,"origin":"MOW","destination":"LED","gate":"SuperKassa.ru","depart_date":"2023-03-16","return_date":"2023-03-18","number_of_changes":0,"found_at":"2022-10-24T10:12:14","duration":180,"distance":624,"actual":true},{"value":41,"trip_class":0,"show_to_affiliates":true,"origin":"MOW","destination":"LED","gate":"SuperKassa.ru","depart_date":"2023-02-20","return_date":"2023-02-20","number_of_changes":0,"found_at":"2022-10-23T12:09:00","duration":175,"distance":624,"actual":true},{"value":41,"trip_class":0,"show_to_affiliates":true,"origin":"MOW","destination":"LED","gate":"SuperKassa.ru","depart_date":"2023-01-30","return_date":"2023-02-06","number_of_changes":0,"found_at":"2022-10-23T10:16:01","duration":175,"distance":624,"actual":true},{"value":42,"trip_class":0,"show_to_affiliates":true,"origin":"MOW","destination":"LED","gate":"SuperKassa.ru","depart_date":"2023-01-30","return_date":"2023-02-03","number_of_changes":0,"found_at":"2022-10-29T13:33:30","duration":180,"distance":624,"actual":true}],"currency":"usd","error":""}